{
  "annualized_vol_pct": 8.284999995251404,
  "annualized_vol_pct_5d": 10.030205446955604,
  "basis_bar_time": "2026-04-30 09:30:00+05:30",
  "combination_weights": {
    "next5d_dn_exc": {
      "har": 0.9347148759049725,
      "ml": 0.06528512409502754
    },
    "next5d_log_range": {
      "har": 0.5819375856159266,
      "ml": 0.4180624143840734
    },
    "next5d_up_exc": {
      "har": 0.4253857127230751,
      "ml": 0.5746142872769249
    },
    "next5d_yz_logvol": {
      "har": 0.575431278350708,
      "ml": 0.42456872164929205
    },
    "next_dn_exc": {
      "har": 0.0,
      "ml": 1.0
    },
    "next_log_range": {
      "har": 0.0,
      "ml": 1.0
    },
    "next_up_exc": {
      "har": 0.0,
      "ml": 1.0
    },
    "next_yz_logvol": {
      "har": 0.43252395389253173,
      "ml": 0.5674760461074683
    }
  },
  "confidence_factors": {
    "feature_availability": 0.8,
    "intraday_1h_availability": 0.8,
    "prediction_extremity": 1.0,
    "prediction_extremity_z": 0.4127287285762857,
    "regime_stability": 1.0,
    "vix_availability": 1.0
  },
  "dn_bps": 50.923820747575874,
  "dn_bps_5d": 177.17725022179337,
  "dn_exc": 0.005079459748873773,
  "dn_exc_5d": 0.01756259580985811,
  "forecast_confidence": 0.8,
  "har_forecasts": {
    "next5d_dn_exc": 0.013988900682176807,
    "next5d_log_range": 0.027801943559800386,
    "next5d_up_exc": 0.01381304287762357,
    "next5d_yz_logvol": 0.1245594368269605,
    "next_dn_exc": 0.004455179553211881,
    "next_log_range": 0.008802900038611606,
    "next_up_exc": 0.004347720485399722,
    "next_yz_logvol": 0.10936878891713597
  },
  "horizon": "next_daily_bar",
  "intervals": {
    "next5d_dn_exc": {
      "80": {
        "high": 0.03494056709983842,
        "low": 0.00018462451987780182,
        "width": 0.01737797128998031
      },
      "90": {
        "high": 0.03686702887311179,
        "low": -0.0017418372533955645,
        "width": 0.019304433063253676
      },
      "95": {
        "high": 0.04375384470202549,
        "low": -0.00862865308230927,
        "width": 0.026191248892167382
      }
    },
    "next5d_log_range": {
      "80": {
        "high": 0.052097218246801136,
        "low": 0.010812735796730782,
        "width": 0.020642241225035177
      },
      "90": {
        "high": 0.05473482678267175,
        "low": 0.008175127260860175,
        "width": 0.023279849760905785
      },
      "95": {
        "high": 0.05929760088078874,
        "low": 0.0036123531627431787,
        "width": 0.02784262385902278
      }
    },
    "next5d_up_exc": {
      "80": {
        "high": 0.02538668329671764,
        "low": -0.004866029765933418,
        "width": 0.01512635653132553
      },
      "90": {
        "high": 0.030116654279469923,
        "low": -0.0095960007486857,
        "width": 0.01985632751407781
      },
      "95": {
        "high": 0.03279498071697426,
        "low": -0.012274327186190034,
        "width": 0.022534653951582145
      }
    },
    "next5d_yz_logvol": {
      "80": {
        "high": 0.13493282750627972,
        "low": 0.05623664665841907,
        "width": 0.039348090423930324
      },
      "90": {
        "high": 0.1466961230323991,
        "low": 0.04447335113229968,
        "width": 0.051111385950049715
      },
      "95": {
        "high": 0.17400130073064693,
        "low": 0.01716817343405186,
        "width": 0.07841656364829754
      }
    },
    "next_dn_exc": {
      "80": {
        "high": 0.015357300918391503,
        "low": -0.005198381420643958,
        "width": 0.01027784116951773
      },
      "90": {
        "high": 0.018481833890043202,
        "low": -0.008322914392295658,
        "width": 0.01340237414116943
      },
      "95": {
        "high": 0.022620863793456167,
        "low": -0.01246194429570862,
        "width": 0.017541404044582393
      }
    },
    "next_log_range": {
      "80": {
        "high": 0.0163200479830295,
        "low": -0.0002153586207778828,
        "width": 0.00826770330190369
      },
      "90": {
        "high": 0.01815161069229622,
        "low": -0.002046921330044603,
        "width": 0.010099266011170411
      },
      "95": {
        "high": 0.02067152338827333,
        "low": -0.004566834026021715,
        "width": 0.012619178707147523
      }
    },
    "next_up_exc": {
      "80": {
        "high": 0.011312930625071943,
        "low": -0.001637250034660212,
        "width": 0.006475090329866077
      },
      "90": {
        "high": 0.014842761165467306,
        "low": -0.0051670805750555744,
        "width": 0.01000492087026144
      },
      "95": {
        "high": 0.021188591393740002,
        "low": -0.01151291080332827,
        "width": 0.016350751098534136
      }
    },
    "next_yz_logvol": {
      "80": {
        "high": 0.16506982686278682,
        "low": -0.0058769184082070325,
        "width": 0.08547337263549692
      },
      "90": {
        "high": 0.20126361077811217,
        "low": -0.04207070232353238,
        "width": 0.12166715655082228
      },
      "95": {
        "high": 0.21390375998473302,
        "low": -0.05471085153015323,
        "width": 0.13430730575744312
      }
    }
  },
  "intraday_1h_used": false,
  "lane": "VOL",
  "latest_close": 7209.009765625,
  "log_range": 0.008052344681125808,
  "log_range_5d": 0.03145497702176596,
  "ml_forecasts": {
    "next5d_dn_exc": 0.01059219783298618,
    "next5d_log_range": 0.023316216888089415,
    "next5d_up_exc": 0.006367512036594063,
    "next5d_yz_logvol": 0.0963780990743702,
    "next_dn_exc": 0.003303073869559796,
    "next_log_range": 0.00811680643897862,
    "next_up_exc": 0.003025430243321939,
    "next_yz_logvol": 0.0792156366820081
  },
  "projected_bottom": 7076.997714704971,
  "projected_bottom_5d": 6948.0745025045435,
  "projected_high": 7243.970302117056,
  "projected_high_5d": 7283.357324359138,
  "projected_high_5d_90": 7429.423421790954,
  "projected_high_90": 7316.809418987374,
  "projected_low": 7172.484732939507,
  "projected_low_5d": 7083.506151440854,
  "projected_low_5d_90": 6948.0745025045435,
  "projected_low_90": 7076.997714704971,
  "projected_peak": 7316.809418987374,
  "projected_peak_5d": 7429.423421790954,
  "range_pct": 0.8084852003364472,
  "range_pct_5d": 3.195491286612807,
  "reference_price": 7209.009765625,
  "reference_price_source": "latest_close",
  "symbol": "SPX500",
  "up_bps": 48.49561538778852,
  "up_bps_5d": 103.13144405581403,
  "up_exc": 0.004837840295205865,
  "up_exc_5d": 0.010260326765392111,
  "vix_available": true,
  "vol_5d_1d_ratio": 1.2106464034646318,
  "yz_logvol": 0.07959645422728989,
  "yz_logvol_5d": 0.0955847370823494
}
